income_grp,avg_sed_export_diff_1992_2020_ha,stdev_sed_export_diff_1992_2020_ha,valid_count_sed_export_diff_1992_2020_ha,count_sed_export_diff_1992_2020_ha,p5_sed_export_diff_1992_2020_ha,p95_sed_export_diff_1992_2020_ha
1. High income: OECD,0.12706848343110574,13.896671417930067,332789649,372467874,-0.02508742548525333,0.03051064014434801
2. High income: nonOECD,1.322094217562869,65.03871296590594,4094035,29491300,-0.3894907832145691,0.5131050169467921
3. Upper middle income,0.007415459625197108,23.413248733754745,560050214,678337555,-0.11276808641850947,0.11499331407248947
4. Lower middle income,0.17671086752633383,48.28320228266296,181820521,237197501,-0.33925798535346985,0.256225049495697
5. Low income,0.14459399437212386,33.47850012047974,145182655,188083190,-0.2939774096012115,0.29221883416174776
